id;name;image;image_content_type;image_uri_link
1;Generic Steel Tuna;../fake-data/blob/hipster.png;image/png;website calculating
2;cross-platform support;../fake-data/blob/hipster.png;image/png;navigate wireless Chilean Peso Unidades de fomento
3;reboot;../fake-data/blob/hipster.png;image/png;Dynamic magenta Track
4;actuating THX;../fake-data/blob/hipster.png;image/png;Division
5;Steel;../fake-data/blob/hipster.png;image/png;Kina networks
6;Metical partnerships;../fake-data/blob/hipster.png;image/png;Infrastructure
7;Internal compressing;../fake-data/blob/hipster.png;image/png;withdrawal Bedfordshire
8;Credit Card Account;../fake-data/blob/hipster.png;image/png;Gloves Lao People's Democratic Republic
9;neutral;../fake-data/blob/hipster.png;image/png;Rustic Concrete Car
10;Computer Oklahoma Identity;../fake-data/blob/hipster.png;image/png;throughput
